issue_id,review_id
access.locked_out_of_account,32fb340f-4f9f-4551-8dae-755221e58d6a
access.login_credentials_rejected,de0a9cdf-8974-48bc-802f-331228df4619
billing.features_locked_behind_premium,21915fcd-9a35-48ba-b277-6296c4154603
billing.features_locked_behind_premium,88439ec2-7c49-4c57-bedb-c5e098692aff
billing.features_locked_behind_premium,a3605554-5c3a-441d-836e-e9fdea83eb2e
billing.features_locked_behind_premium,ad730d1a-829a-4dc4-9561-7e1cd07e2c30
billing.features_locked_behind_premium,d146397f-4a94-4980-be00-ae9212eca3a7
catalog.lyrics_unavailable,47becad0-8ae5-4a10-9731-fde8f2091862
catalog.lyrics_unavailable,e0127547-4edd-44a0-8d5e-e8398bc07086
catalog.missing_songs_artists,0658feaa-5bec-416e-b6b0-3de2a4c14580
catalog.missing_songs_artists,a1a28752-3256-4f81-b888-3e943343529f
catalog.recommendation_quality,1807cc68-ba99-4edc-b6f1-2a1478e69109
catalog.recommendation_quality,618d1dbb-0186-4537-923a-7b4dabf19afb
downloads.offline_playback_failure,dcff57c6-abd6-413b-b255-aec3dc34fcbd
downloads.repeated_download_prompts,2ffdf599-a0d5-4c01-bf26-025215d44c06
other.general,06a45bd5-3ed9-43af-b7f2-8b9487e2ffff
other.general,178c3b49-b689-4fe4-92a2-2257a58e6d95
other.general,2d5cdd20-3094-40a5-bc6e-653302b59b56
other.general,33526c6f-7a49-4b3d-bd20-d1bc191c494c
other.general,3e82cf28-6b0a-4980-902c-b6aa154d353a
other.general,45c561b9-cc47-4d80-95d3-f0d20bc84af3
other.general,486d1d7a-d6f6-41ea-81ad-ed875452729c
other.general,51bfd887-24a0-4741-8b59-68e0a726dd7a
other.general,89a8e180-7846-4421-a2b6-fa7787e9d0d2
other.general,8b6e028a-5f63-4011-9841-cbbade4830eb
other.general,9e3a706c-f502-4664-a23f-33f3480eca64
other.general,b47c203f-366e-4409-922d-cd52aa8bbef6
other.general,b92a7381-b5cd-4c77-9176-e5c4b4818c8a
other.general,b9a3e661-0eac-4cc9-a30e-7b1e11ef1315
other.general,c1ab120a-f91f-4ee3-87f5-66f352e2d47f
other.general,ca16e65d-d2ff-4453-a495-b8c422809330
playback.app_crash_freeze,55cc3abf-c295-4591-8c3a-78085cfdefaa
playback.app_crash_freeze,66a29b3c-c14d-440e-b722-b23e0c99ae82
playback.connectivity_streaming_errors,4ab2089a-ffa8-49e7-a8a3-aeb583a96796
playback.playback_interruption,6c257eba-3dca-49f6-b7f0-4c4484d81e26
playback.voice_assistant_integration,46ff0c74-5e86-4e5b-b4cd-36201aab0f9e
usability.ad_frequency_volume,035213ba-b1b9-411c-b028-70296e5f0e73
usability.ad_frequency_volume,3e8bdc92-4934-457e-85cc-8b9d14bf51c0
usability.ad_frequency_volume,85383985-844d-4f9b-bcd9-d6016ac35f6b
usability.ad_frequency_volume,ab67a772-c3b7-42ba-9b80-8d21d3857018
usability.ad_frequency_volume,c2738a4f-e57c-46bc-a4ad-8ec5a4b5d5cd
usability.ad_frequency_volume,cf6166ae-d71a-4839-9add-088645ad3b78
usability.ad_frequency_volume,e5e6c55f-3069-4b7c-9807-f8b5d5bf2726
usability.audio_adjustment_bugs,9c9757da-6b99-4c95-a0e7-0661ee858027
usability.autoplay_video_audio,d455c11e-c530-4c03-a395-38f5a5cdb8d3
usability.general,7084ced1-0428-4093-9328-442f74719b4f
usability.missing_free_controls,89ea2c30-db8b-459d-8ab7-bbcb7f92c774
usability.missing_free_controls,9e5f9745-f8be-48d3-b9de-4d118507d94a
usability.missing_free_controls,e16a4550-43e7-4ae1-b538-a65cc652c31b
usability.shuffle_forced_playback,5c9c17d3-9d6a-4fa1-a2a4-ae98eefbbd25
usability.shuffle_forced_playback,a78d831a-69f4-428a-9235-cfdd9775c509
usability.skip_restrictions,ebc64fe2-9553-4528-87d5-cb4bb9783be6
usability.ui_redesign_complaints,94c9f2f9-36fa-4c11-936e-660514fe7a35
