claim_id,issue_id,metric,value
C01,other.general,complaint_count,14039
C02,other.general,severity_sum,28433
C05,billing.features_locked_behind_premium,complaint_count,4490
C06,billing.features_locked_behind_premium,severity_sum,13442
C07,billing.features_locked_behind_premium,mean_severity,2.993764
C09,usability.ad_frequency,complaint_count,5488
C10,usability.ad_frequency,severity_sum,11849
C11,usability.ad_frequency,mean_severity,2.159074
C13,usability.general,complaint_count,1862
C14,usability.general,severity_sum,4859
C15,usability.general,mean_severity,2.609560
C17,usability.playback_controls_limited,complaint_count,1592
C18,usability.playback_controls_limited,severity_sum,4797
C19,usability.playback_controls_limited,mean_severity,3.013191
C21,usability.shuffle_control,complaint_count,1679
C22,usability.shuffle_control,severity_sum,4787
C23,usability.shuffle_control,mean_severity,2.851102
C25,usability.queue_playlist_management,complaint_count,1357
C26,usability.queue_playlist_management,severity_sum,4121
C27,usability.queue_playlist_management,mean_severity,3.036846
C29,playback.app_crashes_freezes,complaint_count,1160
C30,playback.app_crashes_freezes,severity_sum,4062
C31,playback.app_crashes_freezes,mean_severity,3.501724
C33,billing.general,complaint_count,1496
C34,billing.general,severity_sum,3975
C37,playback.general,complaint_count,1222
C38,playback.general,severity_sum,3953
C39,playback.general,mean_severity,3.234861
