rank,issue_id,complaint_count,severity_sum,mean_severity,priority_score
1,other.general,14039,28433,2.025287,28433
2,billing.features_locked_behind_premium,4490,13442,2.993764,13442
3,usability.ad_frequency,5488,11849,2.159074,11849
4,usability.general,1862,4859,2.609560,4859
5,usability.playback_controls_limited,1592,4797,3.013191,4797
6,usability.shuffle_control,1679,4787,2.851102,4787
7,usability.queue_playlist_management,1357,4121,3.036846,4121
8,playback.app_crashes_freezes,1160,4062,3.501724,4062
9,billing.general,1496,3975,2.657086,3975
10,playback.general,1222,3953,3.234861,3953
11,playback.song_stops_or_skips,1106,3474,3.141049,3474
12,access.login_failure,676,2701,3.995562,2701
13,usability.ui_redesign_complaints,1112,2658,2.390288,2658
14,playback.post_update_playback_break,639,2196,3.436620,2196
15,catalog.missing_songs_artists,689,1961,2.846154,1961
16,catalog.lyrics_unavailable,665,1843,2.771429,1843
17,playback.connection_errors,422,1526,3.616114,1526
18,playback.wrong_track_played,391,1265,3.235294,1265
19,access.phone_number_login,313,1251,3.996805,1251
20,access.general,288,1033,3.586806,1033
21,playback.audio_lag_quality,370,991,2.678378,991
22,playback.device_bluetooth_integration,305,984,3.226230,984
23,billing.payment_processing_failure,230,960,4.173913,960
24,downloads.offline_playback_failure,262,942,3.595420,942
25,downloads.download_failure,214,805,3.761682,805
26,catalog.poor_recommendations,339,796,2.348083,796
27,billing.price_too_high,357,783,2.193277,783
28,catalog.general,293,718,2.450512,718
29,downloads.general,233,681,2.922747,681
30,access.logged_out_unexpectedly,174,658,3.781609,658
31,downloads.downloads_disappearing,149,576,3.865772,576
32,billing.premium_not_recognized,137,477,3.481752,477
33,catalog.search_not_working,127,423,3.330709,423
34,billing.skip_limit_restrictions,90,267,2.966667,267
35,billing.ads_despite_premium,75,254,3.386667,254
36,access.lost_data_after_login_issue,46,200,4.347826,200
37,access.account_hacked_or_banned,40,178,4.450000,178
38,downloads.download_storage_management,54,170,3.148148,170
39,catalog.regional_language_content_gap,69,166,2.405797,166
40,usability.history_recently_played,53,155,2.924528,155
41,access.signup_issues,41,152,3.707317,152
42,support.ineffective_resolution,34,121,3.558824,121
43,access.password_reset,32,118,3.687500,118
44,downloads.offline_podcast_issues,23,85,3.695652,85
45,support.unresponsive_support,20,62,3.100000,62
46,support.general,25,59,2.360000,59
47,support.difficult_to_reach_support,18,54,3.000000,54
48,usability.wrapped_feature,20,52,2.600000,52
49,support.poor_support_quality,16,48,3.000000,48
50,support.account_deletion_difficulty,5,18,3.600000,18
